remark_id,case_id,remark_time,remark_text
remark_1_case_647102_2025-06-10,case_647102_2025-06-10,10:55,Administered Drug F 2.7mg IV
remark_2_case_647102_2025-06-10,case_647102_2025-06-10,10:55,Administered Drug B 81ug IV
remark_3_case_647102_2025-06-10,case_647102_2025-06-10,11:15,Start of Anesthesia
remark_4_case_647102_2025-06-10,case_647102_2025-06-10,11:15,Administered Drug C 5.4mg IV
remark_5_case_647102_2025-06-10,case_647102_2025-06-10,11:15,Administered Drug D 108mg IV
remark_6_case_647102_2025-06-10,case_647102_2025-06-10,11:18,Instill lubricant OU
remark_7_case_647102_2025-06-10,case_647102_2025-06-10,11:20,Administered Drug J 27mg IV
remark_8_case_647102_2025-06-10,case_647102_2025-06-10,11:24,"Ventilator on (TV 300 ml, IP 10 cmH2O, I:E 1:3, Rate 12)"
remark_9_case_647102_2025-06-10,case_647102_2025-06-10,11:25,Administered Drug E 594mg IV
remark_10_case_647102_2025-06-10,case_647102_2025-06-10,11:27,"Begin IVF, Drug G IV"
remark_11_case_647102_2025-06-10,case_647102_2025-06-10,11:27,Administered Drug G 140ml/hr IV
remark_12_case_647102_2025-06-10,case_647102_2025-06-10,11:27,"Ventilator settings changed (TV 320 ml, IP 10 cmH2O, I:E 1:3, Rate 14)"
remark_13_case_647102_2025-06-10,case_647102_2025-06-10,11:36,Surgical prep complete
remark_14_case_647102_2025-06-10,case_647102_2025-06-10,11:40,Moved to OR 5
remark_15_case_647102_2025-06-10,case_647102_2025-06-10,11:49,Surgical prep complete
remark_16_case_647102_2025-06-10,case_647102_2025-06-10,11:55,Administered Drug I 40mg IV
remark_17_case_647102_2025-06-10,case_647102_2025-06-10,12:04,Surgical prep complete
remark_18_case_647102_2025-06-10,case_647102_2025-06-10,12:07,"ETCO2 rising, increased RR"
remark_19_case_647102_2025-06-10,case_647102_2025-06-10,12:07,Bair Hugger on
remark_20_case_647102_2025-06-10,case_647102_2025-06-10,12:15,Administered Drug O 0.3mg IV
remark_21_case_647102_2025-06-10,case_647102_2025-06-10,12:19,"Ventilator settings changed (TV 320 ml, IP 10 cmH2O, I:E 1:3, Rate 14)"
remark_22_case_647102_2025-06-10,case_647102_2025-06-10,12:25,Administered Drug K (CRI) 2ug/kg/min IV
remark_23_case_647102_2025-06-10,case_647102_2025-06-10,12:25,Urinary catheter placed
remark_24_case_647102_2025-06-10,case_647102_2025-06-10,12:35,"Ventilator settings changed (TV 320 ml, IP 10 cmH2O, I:E 1:3, Rate 14)"
remark_25_case_647102_2025-06-10,case_647102_2025-06-10,12:38,Administered Drug L 143mg IV
remark_26_case_647102_2025-06-10,case_647102_2025-06-10,12:45,Administered Drug N 27mg IV
remark_27_case_647102_2025-06-10,case_647102_2025-06-10,12:53,Administered Drug M 59mg IV
remark_28_case_647102_2025-06-10,case_647102_2025-06-10,12:53,Surgical prep complete
remark_29_case_647102_2025-06-10,case_647102_2025-06-10,13:03,Administered Drug F 1.4mg IV
remark_30_case_647102_2025-06-10,case_647102_2025-06-10,13:11,Temperature probe placed
remark_31_case_647102_2025-06-10,case_647102_2025-06-10,13:13,Drug H off
remark_32_case_647102_2025-06-10,case_647102_2025-06-10,13:21,Extubated
remark_33_case_647102_2025-06-10,case_647102_2025-06-10,13:23,Moved to recovery
