reading_id,case_id,timestamp,End Tidal CO2,Expired Agent,Heart Rate,Invasive Diastolic Pressure,Invasive Mean Arterial Pressure,Invasive Systolic Pressure,Non-Invasive Diastolic Pressure,Non-Invasive Mean Arterial Pressure,Non-Invasive Systolic Pressure,Oxygen,Pulse Oximetry,Respiratory Rate,Temperature,Vaporizer,Medical Air,Central Venous Pressure,Perfusion Index,Pleth. Variability Index
vital_1_case_618516_2025-03-03,case_618516_2025-03-03,2025-03-03T11:33:48.913,,,,,,,,,,2.0,,,,,,,,
vital_2_case_618516_2025-03-03,case_618516_2025-03-03,2025-03-03T11:34:53.411,,,,,,,,,,,,,,2.5,,,,
vital_3_case_618516_2025-03-03,case_618516_2025-03-03,2025-03-03T11:35:01.688,41,1.5,66,,,,58,69,93,,97,7,,,,,,
vital_4_case_618516_2025-03-03,case_618516_2025-03-03,2025-03-03T11:40:01.239,43,1.7,68,,,,55,68,95,,99,6,,,,,,
vital_5_case_618516_2025-03-03,case_618516_2025-03-03,2025-03-03T11:45:01.170,45,1.5,68,,,,,,,,98,8,,,,,,
vital_6_case_618516_2025-03-03,case_618516_2025-03-03,2025-03-03T11:49:15.009,,,,,,,,,,,,,99.1,,,,,
vital_7_case_618516_2025-03-03,case_618516_2025-03-03,2025-03-03T11:50:01.615,41,1.6,71,,,,60,73,100,,100,8,,,,,,
vital_8_case_618516_2025-03-03,case_618516_2025-03-03,2025-03-03T11:55:01.200,42,1.5,65,,,,64,76,99,,97,9,,,,,,
vital_9_case_618516_2025-03-03,case_618516_2025-03-03,2025-03-03T12:00:01.647,45,1.5,65,,,,54,70,100,,98,6,,,,,,
vital_10_case_618516_2025-03-03,case_618516_2025-03-03,2025-03-03T12:00:38.539,,,,,,,,,,,,,,3.0,,,,
vital_11_case_618516_2025-03-03,case_618516_2025-03-03,2025-03-03T12:03:07.748,,,,,,,,,,,,,99.0,,,,,
vital_12_case_618516_2025-03-03,case_618516_2025-03-03,2025-03-03T12:05:01.354,43,1.8,65,,,,57,72,100,,98,8,,,,4,,
vital_13_case_618516_2025-03-03,case_618516_2025-03-03,2025-03-03T12:10:01.820,43,1.8,65,,,,57,70,94,,99,8,,,,5,,
vital_14_case_618516_2025-03-03,case_618516_2025-03-03,2025-03-03T12:15:01.754,42,1.9,56,,,,59,70,91,,96,8,,,,5,,
vital_15_case_618516_2025-03-03,case_618516_2025-03-03,2025-03-03T12:18:01.153,,,,,,,,,,,,,98.7,,,,,
vital_16_case_618516_2025-03-03,case_618516_2025-03-03,2025-03-03T12:20:01.111,39,1.9,59,,,,62,77,106,,98,9,,,,5,,
vital_17_case_618516_2025-03-03,case_618516_2025-03-03,2025-03-03T12:25:01.604,40,1.9,83,,,,65,75,96,,98,7,,,,6,,
vital_18_case_618516_2025-03-03,case_618516_2025-03-03,2025-03-03T12:30:01.357,40,1.9,93,,,,63,78,106,,99,9,,,,6,,
vital_19_case_618516_2025-03-03,case_618516_2025-03-03,2025-03-03T12:32:49.882,,,,,,,,,,,,,98.6,,,,,
vital_20_case_618516_2025-03-03,case_618516_2025-03-03,2025-03-03T12:35:01.246,40,1.9,88,,,,60,74,101,,98,7,,,,5,,
vital_21_case_618516_2025-03-03,case_618516_2025-03-03,2025-03-03T12:40:01.003,41,1.9,85,,,,60,73,101,,98,9,,,,6,,
vital_22_case_618516_2025-03-03,case_618516_2025-03-03,2025-03-03T12:43:31.853,,,,,,,,,,,,,,3.5,,,,
vital_23_case_618516_2025-03-03,case_618516_2025-03-03,2025-03-03T12:45:01.535,41,1.9,81,,,,57,70,97,,99,8,,,,6,,
vital_24_case_618516_2025-03-03,case_618516_2025-03-03,2025-03-03T12:47:23.068,,,,,,,,,,,,,98.5,,,,,
vital_25_case_618516_2025-03-03,case_618516_2025-03-03,2025-03-03T12:50:00.949,41,2.3,89,,,,62,75,101,,97,8,,,,5,,
vital_26_case_618516_2025-03-03,case_618516_2025-03-03,2025-03-03T12:55:01.482,41,2.0,82,,,,59,70,92,,95,8,,,,5,,
vital_27_case_618516_2025-03-03,case_618516_2025-03-03,2025-03-03T13:00:01.325,39,2.1,79,,,,54,67,93,,98,7,,,,5,,
vital_28_case_618516_2025-03-03,case_618516_2025-03-03,2025-03-03T13:02:55.914,,,,,,,,,,,,,98.2,,,,,
vital_29_case_618516_2025-03-03,case_618516_2025-03-03,2025-03-03T13:05:01.290,38,2.2,77,,,,58,70,94,,97,8,,,,4,,
vital_30_case_618516_2025-03-03,case_618516_2025-03-03,2025-03-03T13:10:01.234,39,2.2,74,,,,59,74,104,,98,9,,,,4,,
vital_31_case_618516_2025-03-03,case_618516_2025-03-03,2025-03-03T13:17:03.914,,,,,,,,,,,,,98.2,,,,,
vital_32_case_618516_2025-03-03,case_618516_2025-03-03,2025-03-03T13:25:01.246,41,2.1,73,,,,57,69,94,,99,8,,,,4,,
vital_33_case_618516_2025-03-03,case_618516_2025-03-03,2025-03-03T13:30:01.335,42,2.2,74,,,,59,74,104,,99,9,,,,4,,
vital_34_case_618516_2025-03-03,case_618516_2025-03-03,2025-03-03T13:30:12.490,,,,,,,,,,,,,98.1,,,,,
vital_35_case_618516_2025-03-03,case_618516_2025-03-03,2025-03-03T13:30:37.386,,,,,,,,,,,,,,3.0,,,,
vital_36_case_618516_2025-03-03,case_618516_2025-03-03,2025-03-03T13:35:01.386,42,1.8,74,,,,58,72,100,,99,8,,,,5,,
vital_37_case_618516_2025-03-03,case_618516_2025-03-03,2025-03-03T13:40:01.204,41,1.9,72,,,,44,58,87,,99,7,,,,4,,
vital_38_case_618516_2025-03-03,case_618516_2025-03-03,2025-03-03T13:45:01.764,42,1.9,72,,,,44,55,78,,98,8,,,,4,,
vital_39_case_618516_2025-03-03,case_618516_2025-03-03,2025-03-03T13:45:06.817,,,,,,,,,,,,,97.9,,,,,
vital_40_case_618516_2025-03-03,case_618516_2025-03-03,2025-03-03T13:50:00.937,42,1.8,68,,,,47,61,90,,99,8,,,,5,,
vital_41_case_618516_2025-03-03,case_618516_2025-03-03,2025-03-03T13:55:01.381,42,1.7,70,,,,53,64,85,,99,7,,,,4,,
vital_42_case_618516_2025-03-03,case_618516_2025-03-03,2025-03-03T14:00:01.208,42,1.8,67,,,,57,68,91,,99,9,,,,4,,
vital_43_case_618516_2025-03-03,case_618516_2025-03-03,2025-03-03T14:00:09.788,,,,,,,,,,,,,97.7,,,,,
vital_44_case_618516_2025-03-03,case_618516_2025-03-03,2025-03-03T14:05:01.222,45,1.9,65,,,,61,74,99,,100,6,,,,5,,
vital_45_case_618516_2025-03-03,case_618516_2025-03-03,2025-03-03T14:10:01.629,45,1.9,62,,,,58,74,104,,96,10,,,,6,,
vital_46_case_618516_2025-03-03,case_618516_2025-03-03,2025-03-03T14:13:24.729,,,,,,,,,,,,,,2.8,,,,
vital_47_case_618516_2025-03-03,case_618516_2025-03-03,2025-03-03T14:15:01.429,42,1.9,61,,,,65,76,99,,99,8,,,,5,,
vital_48_case_618516_2025-03-03,case_618516_2025-03-03,2025-03-03T14:15:04.510,,,,,,,,,,,,,97.7,,,,,
vital_49_case_618516_2025-03-03,case_618516_2025-03-03,2025-03-03T14:20:01.433,42,1.7,64,,,,66,79,107,,98,8,,,,3,,
vital_50_case_618516_2025-03-03,case_618516_2025-03-03,2025-03-03T14:25:00.937,42,1.7,62,,,,64,79,107,,96,8,,,,3,,
vital_51_case_618516_2025-03-03,case_618516_2025-03-03,2025-03-03T14:31:50.067,,,,,,,,,,,,,97.9,,,,,
vital_52_case_618516_2025-03-03,case_618516_2025-03-03,2025-03-03T14:35:01.416,43,1.8,61,,,,67,81,109,,99,9,,,,5,,
vital_53_case_618516_2025-03-03,case_618516_2025-03-03,2025-03-03T14:40:00.966,43,1.6,71,,,,78,90,112,,97,7,,,,3,,
vital_54_case_618516_2025-03-03,case_618516_2025-03-03,2025-03-03T14:45:01.520,45,1.8,66,,,,,,,,99,9,,,,2,,
vital_55_case_618516_2025-03-03,case_618516_2025-03-03,2025-03-03T14:48:28.456,,,,,,,,,,,,,97.7,,,,,
vital_56_case_618516_2025-03-03,case_618516_2025-03-03,2025-03-03T14:50:01.240,49,1.8,66,,,,67,81,108,,96,9,,,,2,,
vital_57_case_618516_2025-03-03,case_618516_2025-03-03,2025-03-03T14:55:01.491,54,1.7,67,,,,70,80,102,,96,8,,,,2,,
vital_58_case_618516_2025-03-03,case_618516_2025-03-03,2025-03-03T15:00:01.515,56,1.7,63,,,,66,78,102,,97,9,,,,2,,
vital_59_case_618516_2025-03-03,case_618516_2025-03-03,2025-03-03T15:02:26.257,,,,,,,,,,,,,97.7,,,,,
vital_60_case_618516_2025-03-03,case_618516_2025-03-03,2025-03-03T15:05:01.806,49,1.7,64,,,,79,91,115,,97,12,,,,2,,
vital_61_case_618516_2025-03-03,case_618516_2025-03-03,2025-03-03T15:06:38.906,,,,,,,,,,,,,,0.0,,,,
vital_62_case_618516_2025-03-03,case_618516_2025-03-03,2025-03-03T15:10:01.125,46,0.1,63,,,,73,87,116,,97,9,,,,2,,
vital_63_case_618516_2025-03-03,case_618516_2025-03-03,2025-03-03T15:12:47.227,,,,,,,,,,0.0,,,,,,,,
